percent_gait_cycle,AdductorLongus,AdductorMagnus,BicepsFemorisLongHead,BicepsFemorisShortHead,ExtensorDigitorumLongus,ExtensorHallucisLongus,FlexorDigitorumLongus,FlexorHallucisLongus,Gastrocnemius,GluteusMaximusLower,GluteusMaximusUpper,GluteusMedius,Gracilis,Iliacus,PeroneusBrevis,PeroneusLongus,Popliteus,RectusFemoris,Sartorius,Semimembranosus,Semitendinosus,Soleus,TensorFasciaLata,TibialisAnterior,TibialisPosterior,VastusIntermedius,VastusLateralis,VastusMedialisLongus,VastusMedialisOblique
0.0,0.0,40.733177463591225,12.379050342748004,0.0,25.323656764031625,33.230742872486076,0.0,0.0,0.0,20.05317515726938,20.480611215749093,23.388843446480678,14.84056708,0.0,0.0,0.0,15.74569403863893,0.0,0.0,27.90030215336208,18.412814798456797,0.0,8.829081682691367,36.69606379356589,8.761867303790153,18.25035323717788,20.59321412358574,17.521629177374848,23.777862035713724
1.0,0.0,39.75324963597624,12.102459688543465,0.0,24.569570547076175,32.52293462611822,0.0,0.0,0.0,21.51191018515846,21.134989221217847,24.018244082314613,14.805520137135039,0.0,0.0,0.0,17.27286822027644,0.0,0.0,25.22740916670872,19.18777993659872,0.0,8.501729227467399,34.84851637036104,13.511582578343202,19.161338438292443,20.51157320876756,15.610525573253785,25.8166935542241
2.0,0.0,37.629864367492736,9.800286055958372,0.0,24.077275011924588,30.168921471393364,0.0,0.0,0.0,23.579927337998125,22.944437663545365,26.93452883199082,14.001621078504009,0.0,0.0,0.0,17.371853477934543,0.0,0.0,24.723603471166246,18.267823536520613,0.0,10.263529870357907,33.84864606643071,18.911599247317394,20.265724542779402,21.40863237547703,17.16782278754715,31.48257949603689
3.0,0.0,31.864027241814927,8.358627084729482,0.0,23.297069842693183,27.207109473245723,0.0,0.0,0.0,24.38229226058493,26.322986598646427,27.358105492355783,10.935774722399788,0.0,0.0,0.0,16.508832006035913,0.0,0.0,23.628810679946056,15.56782771988198,0.0,13.717178285583929,33.838570687754284,22.486184009806166,16.08668511617323,23.101731660592428,21.493336545590257,34.406865970254984
4.0,0.0,24.370500369481068,5.992906181528461,0.0,22.97382967944865,26.64347231150867,0.0,0.0,0.0,21.650220028390784,26.643131278686383,26.906101626835948,3.340470142529,0.0,0.0,0.0,14.578923089622755,0.0,0.0,21.77063419071195,13.636741068523342,0.0,17.239283925402333,33.85664763467061,21.56867329238751,17.682308805207587,27.35220514210432,20.489524029061585,35.94163579693039
5.0,0.0,17.60370151006718,0.0002902489176586087,0.0,21.54742953511718,26.5352683620841,0.0,0.0,0.0,15.113951886264829,26.564084962955793,27.82420351824967,0.0,0.0,0.0,0.0,9.822487597832357,0.0,0.0,20.76725701606486,14.422959309838149,0.0,17.533932507396845,34.46229861554224,18.849074901540437,19.502515154589258,27.400528031757478,21.035247653100875,37.89130918577865
6.0,0.0,12.697006754287932,0.0,0.0,18.913607921074654,23.952101310062094,0.0,0.0,0.0,12.823933692323907,24.814910862356896,29.619499520025837,0.0,0.0,0.0,0.0,7.535182561527064,0.0,0.0,19.761257264136646,16.219256291310625,1.1829559048077127,15.808165356283201,33.063284624074576,15.062188053814866,21.437463747175247,28.501564064815316,20.050824315125766,36.62637205185845
7.0,0.0,4.751454445663377,0.0,0.0,16.53908371491172,21.915651407934366,0.0,0.0,0.0,12.178766761693497,25.815536433391518,30.084943085521395,0.0,0.0,0.0,0.0,7.342806263807152,0.0,0.0,20.517961677515913,16.380333367419798,8.729706888243806,17.710904548231266,30.27174075475048,14.04256729471659,23.943775476299198,29.072956546378546,16.808519202011315,32.46502700553037
8.0,0.0,0.0,0.0,0.0,14.574441464236102,19.88414878684602,0.0,0.0,1.1556460134648678,10.768111740005573,25.406841762951608,28.38918263661387,0.0,0.0,0.0,0.0,6.524926483019735,0.0,0.0,20.382649589533152,17.074398479115562,15.198847031022465,24.799815567017117,27.347607489597788,14.749053619232638,22.18852336752781,27.28347749431075,15.183627975866775,28.835526417303207
9.0,0.0,0.0,0.0,0.0,13.301478588584635,11.123763841113037,0.0,0.0,8.167564377309358,3.8733397590526772,22.204884797339464,25.807760582691145,0.0,0.0,0.0,0.0,6.4600042956219275,0.0,0.0,17.68563237611338,15.653593879277373,17.811288308490568,29.804983772607745,24.307020579858197,16.265696104544983,18.643662632128734,25.225480650890646,14.190234657704748,25.030477926273488
10.0,0.0,0.0,0.0,0.0,13.036684648663305,2.919344908453942,0.0,0.0,11.434493934537125,0.2119569930527765,20.472537950324742,24.66704739093486,0.0,0.0,0.0,0.0,7.17593968914601,0.0,0.0,15.668380413360914,14.762402272029846,19.33249473522011,29.893262573839554,21.347035107516138,15.325518954444007,19.750793014851112,23.105197482675447,13.23769339302079,22.15792312326589
11.0,0.0,0.0,0.0,0.0,8.083554263025844,0.0,0.06265729997516298,0.0,13.515387138032327,0.0,22.455929148354617,24.27778854954177,0.0,0.0,0.0,0.0,6.565192199197914,0.0,0.0,14.608368193532598,16.63311676543205,21.456577147256148,29.133256089999257,19.82785224157687,16.05381242207617,23.118788166902107,19.34840991872423,13.798906918231658,21.54743644461188
12.0,0.0,0.0,0.0,0.0,1.9453012156229519,0.0,3.5418155475781705,0.0,16.18407194964483,0.0,25.404879395907024,23.498926238093173,0.0,0.0,0.0,0.0,5.720283181988192,0.0,0.0,14.22238819546208,15.772380528988808,23.850585991811645,29.791451532942794,15.318267037888056,15.059720674254827,22.736942783486395,14.602072544301869,15.13830151160087,19.785476597397572
13.0,0.0,0.0,0.0,0.0,0.0,0.0,8.34419311378451,0.0,16.326810984418223,0.0,23.357083014552586,25.00518035126345,0.0,0.0,0.0,0.0,5.536977300377171,0.0,0.0,13.1106737509294,10.877764411679756,26.883409396955543,29.08351047896104,3.9044875434174555,12.301150939383316,21.026483467820142,11.506777939530785,14.415855050429489,12.862960385343445
14.0,0.0,0.0,0.0,0.0,0.0,0.0,7.427721079584009,0.0,18.887861998892454,0.0,22.109986061818383,24.437474048485456,0.0,0.0,0.0,0.0,5.515500773704699,0.0,0.0,4.812164360317132,9.232105904117205,29.74245256047849,25.94198653418283,0.0,11.351024565291318,15.975029779701774,9.871196835206918,11.231952144879132,3.370990460989352
15.0,0.0,0.0,0.0,0.0,0.0,0.0,4.898854725713083,0.0,21.07776099224186,0.0,21.06089237246543,21.72323802991531,0.0,0.0,0.0,4.924491360252765,4.054938865095288,0.0,0.0,0.6546339346211516,9.213206128159399,30.426089973835037,21.710069465168143,0.0,10.747541971366871,14.712128001951989,5.733403108350582,6.618251921347707,0.0
16.0,0.0,0.0,0.0,0.0,0.0,0.0,5.292013252533673,0.0,23.21357704113297,0.0,20.159361362134693,21.584916839997966,0.0,0.0,0.0,8.113318226408017,3.3340456062530404,0.0,0.0,0.0,5.760413780921928,32.291375690684916,20.29914364467677,0.0,9.952978041765235,14.160877166166879,1.044184117320205,1.98906001410656,0.0
17.0,0.0,0.0,0.0,0.0,0.0,0.0,7.650443202611288,0.0,26.379230647798256,0.0,19.75228524180151,21.56947953249774,0.0,0.0,0.0,9.439622762988897,3.4281598922523298,0.0,0.0,0.0,1.6021618347965716,33.16165657084745,21.158236219209165,0.0,9.664078421744899,12.104162912472853,0.0,0.0,0.0
18.0,0.0,0.0,0.0,0.0,0.0,0.0,8.76605444408705,0.0,30.711245049595608,0.0,19.355886948144136,21.027866375112673,0.0,0.0,0.0,8.979588875074864,3.0419497667608377,0.0,0.0,0.0,0.0,33.30840884615448,21.6312350810247,0.0,10.259848161565875,9.220093719110587,0.0,0.0,0.0
19.0,0.0,0.0,0.0,0.0,0.0,0.0,10.076136783429519,0.0,32.916265678513945,0.0,18.197581019512004,21.54788936449762,0.0,0.0,0.0,9.293599411560434,2.0111463434074,0.0,0.0,0.0,0.0,32.55719499049447,23.218425725170395,0.0,11.362656321582396,5.798018896885496,0.0,0.0,0.0
20.0,0.0,0.0,0.0,0.0,0.0,0.0,10.267494964940056,0.0,35.32533030648021,0.0,15.972749323458949,21.386137820298607,0.0,0.0,0.7974329856978903,9.456599661437822,1.4499568674322854,0.0,0.0,0.0,0.0,32.569000510180416,26.943908879452945,0.0,10.905562549783319,0.9402906467940026,0.0,0.0,0.0
21.0,0.0,0.0,0.0,0.0,0.0,0.0,10.334048602541516,0.0,38.19639672732741,0.0,12.344474600025368,19.91462013208893,0.0,0.0,4.527186402093086,9.050482781181598,1.9910438604326761,0.0,0.0,0.0,0.0,32.28278016833444,28.566613445489132,0.0,10.216648554768854,0.7143672541307269,0.0,0.0,0.0
22.0,0.0,0.0,0.0,0.0,0.0,0.0,12.418582374931853,0.0,39.60611559057062,0.0,10.334405975075406,19.69936932231262,0.0,0.0,5.919330036510368,8.693913202931155,3.199231224742075,0.0,0.0,0.0,0.0,31.563579083151414,25.651901357519797,0.0,11.6613588784828,0.0,0.0,0.0,0.0
23.0,0.0,0.0,0.0,0.0,0.0,0.0,14.342132918801068,0.0,38.904911520289446,0.0,7.442645490268778,18.929146241305673,0.0,0.0,6.607016528471051,10.384732407135251,3.206690690715626,0.0,0.0,0.0,0.0,31.401136338382926,21.01205442487696,0.0,11.03334883542022,0.0,0.0,0.0,0.0
24.0,0.0,0.0,0.0,0.0,0.0,0.0,15.64354239807416,0.0,38.17900177587381,0.0,4.874078811257793,16.095784328938993,0.0,0.0,7.352955596354876,10.306786607367156,2.1650183683371003,0.0,0.0,0.0,0.0,32.232199286741334,20.940407640295092,0.0,9.035982325533478,0.0,0.0,0.0,0.0
25.0,0.0,0.0,0.0,0.0,0.0,0.0,16.025250181045504,0.0,40.98308517687378,0.0,1.156518956080418,13.464513631865408,0.0,0.0,7.795068027920529,8.998477829676231,2.162461808642961,0.0,0.0,0.0,0.0,32.61943978030601,24.355198466505424,0.0,6.808602639123938,0.0,0.0,0.0,0.0
26.0,0.0,0.0,0.0,0.0,0.0,0.0,18.811119134878403,0.0,43.42697132406116,0.0,0.0,13.11216373930037,0.0,0.0,10.023678387719603,8.955870491649831,2.64403923492453,0.0,0.0,0.0,0.0,33.374815305551856,25.76827471130497,0.0,7.9959332799678595,0.0,0.0,0.0,0.0
27.0,0.0,0.0,0.0,0.0,0.0,0.0,22.681296129464265,0.0,43.16592438214916,0.0,0.0,12.768644977822847,0.0,0.0,12.469759485144138,8.801153599101825,3.1115095408454705,0.0,0.0,0.0,0.0,34.48513344832993,24.301452088969075,0.0,9.069908106148164,0.0,0.0,0.0,0.0
28.0,0.0,0.0,0.0,0.0,0.0,0.0,22.3769923222779,0.0,43.55201289542626,0.0,0.0,11.245229498748992,0.0,0.0,12.94092078447293,9.168137129548512,3.5518296950069277,0.0,0.0,0.0,0.0,36.37879036993543,21.984298708531966,0.0,9.234526523904378,0.0,0.0,0.0,0.0
29.0,0.0,0.0,0.0,0.0,0.0,0.0,19.963977985960714,0.0,43.43147827632304,0.0,0.0,6.551181900367849,0.0,0.0,13.537309437124026,10.68459925257603,3.5731613950997354,0.0,0.0,0.0,0.0,39.93856191327028,21.439441125307383,0.0,10.395562551931889,0.0,0.0,0.0,0.0
30.0,0.0,0.0,0.0,0.0,0.0,0.0,18.383678559124185,0.0,49.003802118845606,0.0,0.0,0.480611664609774,0.0,0.0,15.954448026468285,10.867768300474406,3.4009426769252054,0.0,0.0,0.0,0.0,43.478854729451804,21.892078948668996,0.0,10.419437169405828,0.0,0.0,0.0,0.0
31.0,0.0,0.0,0.0,0.0,0.0,0.0,16.3917670999326,2.9137184624825543,56.04720349848144,0.0,0.0,0.0,0.0,0.0,18.34582385444775,11.683090595282838,3.2674283388568757,0.0,0.0,0.0,0.0,46.81471636311677,22.115711704638606,0.0,11.595900158368414,0.0,0.0,0.0,0.0
32.0,0.0,0.0,0.0,0.0,0.0,0.0,17.532370452428044,9.22029342437905,58.20856375649687,0.0,0.0,0.0,0.0,0.0,18.595281834363053,12.28341424238487,3.6368398433674725,0.0,0.0,0.0,0.0,51.03345638850446,22.553006041379,0.0,12.05268856716937,0.0,0.0,0.0,0.0
33.0,0.0,0.0,0.0,0.0,0.0,0.0,18.78433008123607,13.789418072255673,57.952627159192346,0.0,0.0,0.0,0.0,0.0,17.958273294854873,13.217515268900074,4.56296197854694,0.0,0.0,0.0,0.0,53.6449639246703,20.967819982319128,0.0,13.671495368598203,0.0,0.0,0.0,0.0
34.0,0.0,0.0,0.0,0.0,0.0,0.0,20.60088099833246,16.506012380638126,59.88823537917916,0.0,0.0,0.0,0.0,0.0,20.00302673923671,15.93115049074655,5.387646188798941,0.0,0.0,0.0,0.0,56.4561798377967,20.221378204404978,0.0,15.517980939235882,0.0,0.0,0.0,0.0
35.0,0.0,0.0,0.0,0.0,0.0,0.0,24.008028386691706,19.931991260504784,63.67079426328487,0.0,0.0,0.0,0.0,0.0,20.007314092988516,16.82970034100259,4.6765822624899895,0.0,0.0,0.0,0.0,59.28865255799524,22.897055177157988,0.0,16.788637950214493,0.0,0.0,0.0,0.0
36.0,0.0,0.0,0.0,0.0,0.0,0.0,26.94680101798696,25.199430641435214,67.42751441464182,0.0,0.0,0.0,0.0,0.0,22.951880759515205,17.219364540760186,7.634581620700671,0.0,0.0,0.0,0.0,62.826605015437956,23.898063563151084,0.0,16.75230008457503,0.0,0.0,0.0,0.0
37.0,0.0,0.0,0.0,0.0,0.0,0.0,27.342565597057398,30.383752141677206,70.75966046709492,0.0,0.0,0.0,0.0,0.0,25.755989288945926,18.756352187901143,12.383291910072586,0.0,0.0,0.0,0.0,67.53328522701767,22.337292385401284,0.0,16.217501216608998,0.0,0.0,0.0,0.0
38.0,0.0,0.0,0.0,0.0,0.0,0.0,30.140037594241697,30.87789631168903,72.04510282699863,0.0,0.0,0.0,0.0,0.0,26.245446765032092,20.675747978304063,15.392699818815544,0.0,0.0,0.0,0.0,72.48124558981443,20.303599594537765,0.0,18.033007505766104,0.0,0.0,0.0,0.0
39.0,0.0,0.0,0.0,0.0,0.0,0.0,30.678355992089298,33.70181022162508,74.30851866498247,0.0,0.0,0.0,0.0,0.0,27.41318906943391,23.11590129891024,13.82645633987465,0.0,0.0,0.0,0.0,75.47576164204915,18.93222917361499,0.0,21.749429319546554,0.0,0.0,0.0,0.0
40.0,0.0,0.0,0.0,0.0,0.0,0.0,29.309258278169366,42.627205658079944,76.83792456681982,0.0,0.0,0.0,0.0,0.0,27.10273574090918,24.982491274138354,13.855816097090905,0.0,0.0,0.0,0.0,81.09143120251711,15.19034287593102,0.0,26.65914949493747,0.0,0.0,0.0,0.0
41.0,0.0,0.0,0.0,0.0,0.0,0.0,31.9352431489871,51.86858409142899,75.42728142411484,0.0,0.0,0.0,0.0,0.0,26.83950397773943,26.985666102904073,13.825701493823189,0.0,0.0,0.0,0.0,83.73079275190082,12.365255973174657,0.0,29.074015131775088,0.0,0.0,0.0,0.0
42.0,0.0,0.0,0.0,0.0,0.0,0.0,36.8636146828486,56.79743802486429,71.51470572628271,0.0,0.0,0.0,0.0,0.0,33.00810418730778,26.306085757970624,12.559582365270002,0.0,0.0,0.0,0.0,85.8065332831706,11.145814064266569,0.0,29.024749804211144,0.0,0.0,0.0,0.0
43.0,0.0,0.0,0.0,0.0,0.0,0.0,39.98764259718718,60.871297076741854,62.843357320952514,0.0,0.0,0.0,0.0,0.0,37.22164054533772,26.27233548707281,9.788797087308188,0.0,0.0,0.0,0.0,86.7900012880126,6.068506388947921,0.0,30.306235087373622,0.0,0.0,0.0,0.0
44.0,0.0,0.0,0.0,0.0,0.0,0.0,42.171251415708646,66.37613295539772,55.86906054310382,0.0,0.0,0.0,0.0,0.0,38.891455552317815,26.808502184019662,8.614381085651004,0.0,0.0,0.0,0.0,84.82175241354022,1.4959691000778226,0.0,33.50878282497247,0.0,0.0,0.0,0.0
45.0,0.0,0.0,0.0,0.0,0.0,0.0,42.37663477041146,74.87341465546235,50.39072054775933,0.0,0.0,0.0,0.0,0.0,38.50359235235937,24.267012554562953,7.536560408829485,0.0,0.0,0.0,0.0,79.54378341407184,0.0,0.0,32.422938109710344,0.0,0.0,0.0,0.0
46.0,7.21027620368424,0.0,0.0,0.0,0.0,0.0,40.41233468059291,75.86347795041398,46.13325926442158,0.0,0.0,0.0,0.0,0.0,40.20968850203864,21.683844797838013,8.99175391927802,0.0,0.0,0.0,0.0,72.60036598799907,0.0,0.0,27.816700480264625,0.0,0.0,0.0,0.0
47.0,15.754960775097423,0.0,0.0,0.0,0.0,0.0,43.09407265970864,73.90383513172642,38.6197744041721,0.0,0.0,0.0,0.0,0.0,39.95017543557397,19.461865049234845,14.20919670300582,0.0,0.0,0.0,0.0,63.87727335048509,0.0,0.0,23.57458040601008,0.0,0.0,0.0,0.0
48.0,21.852028518937452,0.0,0.0,0.0,0.0,0.0,43.60141990906676,69.60929388052004,26.539105222440384,0.0,0.0,0.0,0.0,0.0,38.815149253771395,17.335858624908955,15.480431149391428,0.0,0.0,0.0,0.0,53.339385049365184,0.0,0.0,20.269223924620842,0.0,0.0,0.0,0.0
49.0,30.472375181910984,0.0,0.0,0.0,0.0,0.0,41.87541718566396,72.29106077922131,14.10259156210273,0.0,0.0,0.0,1.1652460411501604,0.0,35.33635508144523,14.80983667440466,17.303367784924635,0.0,0.0,0.0,0.0,41.36625284036606,0.0,0.0,17.039763182249626,0.0,0.0,0.0,0.0
50.0,30.065688129300575,0.0,0.0,0.0,0.0,0.0,39.09245076901236,71.20965385970386,3.2910478915952734,0.0,0.0,0.0,6.684780252938634,0.0,32.11109172925125,10.309136624041702,19.2969926086075,0.0,0.0,0.0,0.0,30.809686005285062,0.0,0.0,8.629510624549923,0.0,0.0,0.0,0.0
51.0,28.460303423615,0.0,0.0,0.0,0.0,0.0,27.409792859009176,52.4934526632666,0.0,0.0,0.0,0.0,11.551668359204086,0.0,28.427311048973177,3.8643249349929842,20.263287961075015,0.0,0.0,0.0,0.0,19.21800748618037,0.0,0.0,1.4313961112196925,0.0,0.0,0.0,0.0
52.0,31.892028052619782,0.0,0.0,0.0,0.0,0.0,19.419714195559283,39.81000476339045,0.0,0.0,0.0,0.0,16.195312023579554,0.0,19.09154523645962,0.0,19.974115229247833,0.0,0.0,0.0,0.0,5.766877301802665,0.0,0.0,0.0,0.0,0.0,0.0,0.0
53.0,29.542259461991836,0.0,0.0,0.0,0.0,0.0,12.620921571138867,27.58441442857297,0.0,0.0,0.0,0.0,19.73261567032197,0.0,12.070133396813176,0.0,19.22673558696609,0.0,0.0,0.0,0.0,1.595189630306788,0.0,0.0,0.0,0.0,0.0,0.0,0.0
54.0,24.000969645963618,0.0,0.0,0.0,0.0,0.0,5.461898683952826,11.855315108572976,0.0,0.0,0.0,0.0,22.06805872845453,0.0,5.402706281712877,0.0,18.336838575260124,0.0,0.0,0.0,0.0,0.0,0.0,0.0,0.0,0.0,0.0,0.0,0.0
55.0,16.001023639560515,0.0,0.0,0.0,0.0,0.0,0.7404060632893308,2.451304035468133,0.0,0.0,0.0,0.0,24.3279414838624,0.0,0.8888600955588546,0.0,17.052121010199837,0.0,0.0,0.0,0.0,0.0,0.0,0.0,0.0,0.0,0.0,0.0,0.0
56.0,10.633282381279319,0.0,0.0,0.0,0.0,0.0,0.0,0.0,0.0,0.0,0.0,0.0,24.608619131368233,0.0,0.0,0.0,15.02408608053271,0.012451176120721583,0.0,0.0,0.0,0.0,0.0,0.836967433157669,0.0,0.0,0.0,0.0,0.0
57.0,10.501157166610614,0.0,0.0,0.0,2.7765297428905993,0.0,0.0,0.0,0.0,0.0,0.0,0.0,23.723108712852394,0.0,0.0,0.0,12.71707302161617,9.40551424924466,0.0,0.0,0.0,0.0,0.0,8.418721132354023,0.0,0.0,0.0,0.0,0.0
58.0,12.428763732830667,0.0,0.0,0.0,10.078171791962689,1.6658725326042718,0.0,0.0,0.0,0.0,0.0,0.0,22.264994629794174,0.0,0.0,0.0,6.634565922914426,15.883005315739162,0.0,0.0,0.0,0.0,0.0,17.253820496795033,0.0,0.0,0.0,0.0,0.0
59.0,15.09102439942597,0.0,0.0,0.0,15.863553264868614,9.63474569101075,0.0,0.0,0.0,0.0,0.0,0.0,20.89882989693734,0.0,0.0,0.0,0.0,17.48188477667938,1.5305237695262865,0.0,0.0,0.0,0.0,23.8428257488474,0.0,0.0,0.0,0.0,0.0
60.0,15.627713580226946,0.0,0.0,0.0,19.89024435437146,17.19060157693326,0.0,0.0,0.0,0.0,0.0,0.0,21.331151386434385,0.0,0.0,0.0,0.0,16.093484768043407,5.978202318077652,0.0,0.0,0.0,0.0,28.972547895209004,0.0,0.0,0.0,0.0,0.0
61.0,15.55342398292046,0.0,0.0,0.0,23.470628899382167,22.996439693379262,0.0,0.0,0.0,0.0,0.0,0.0,22.28360168487049,0.0,0.0,0.0,0.0,15.657307216789507,8.51808705925795,0.0,0.0,0.0,0.0,32.38397848106588,0.0,0.0,0.0,0.0,0.0
62.0,13.876727885457727,0.0,0.0,0.0,25.18465136364531,26.108884645738748,0.0,0.0,0.0,0.0,0.0,0.0,22.168692703159888,0.23727149040292575,0.0,0.0,0.0,16.497572238413284,9.848167921028908,0.0,0.0,0.0,0.0,32.413997230744855,0.0,0.0,0.0,0.0,0.0
63.0,12.08163080293318,0.0,0.0,0.0,25.145924015319757,26.326087676406445,0.0,0.0,0.0,0.0,0.0,0.0,20.30544552729809,1.8555510654867864,0.0,0.0,0.0,17.256401766384165,10.470714011633113,0.0,0.0,0.0,0.0,31.6271561403008,0.0,0.0,0.0,0.0,0.0
64.0,11.093118902343765,0.0,0.0,0.0,25.27578039712834,22.170230321163384,0.0,0.0,0.0,0.0,0.0,0.0,19.26161638303855,5.877399123483833,0.0,0.0,0.0,10.74079285030739,12.31766920850888,0.0,0.0,0.0,0.0,31.16818279461706,0.0,0.0,0.0,0.0,0.0
65.0,8.827153474436802,0.0,0.0,3.127488339900808,26.18619380398308,22.4999809764948,0.0,0.0,0.0,0.0,0.0,0.0,19.03525538641872,10.061872146790083,0.0,0.0,0.0,1.5754936140349223,14.823901858267414,0.0,0.0,0.0,0.0,28.445759501033173,0.0,0.0,0.0,0.0,0.0
66.0,5.716530399170799,0.0,0.0,8.110138397420823,27.23612540420924,27.615090166898952,0.0,0.0,0.0,0.0,0.0,0.0,19.557964694723427,12.643695699041226,0.0,0.0,0.0,0.0,14.4991572145994,0.0,0.0,0.0,0.0,26.909723363165572,0.0,0.0,0.0,0.0,0.0
67.0,5.060786844986622,0.0,0.0,10.408575192048003,26.409918875801928,32.13668608026011,0.0,0.0,0.0,0.0,0.0,0.0,21.88155529715506,13.755465362484573,0.0,0.0,0.0,0.0,12.525645406567023,0.0,0.0,0.0,0.0,28.492954754539056,0.0,0.0,0.0,0.0,0.0
68.0,5.3492297414976875,0.0,0.0,11.65034695886232,28.08226747220932,33.67264765167055,0.0,0.0,0.0,0.0,0.0,0.0,25.099463401835337,13.677615556962767,0.0,0.0,0.0,0.0,11.399771317271693,0.0,0.0,0.0,0.0,29.715459293901482,0.0,0.0,0.0,0.0,0.0
69.0,8.481440254974,0.0,0.0,12.623504560487303,28.168539151985126,33.11153481958632,0.0,0.0,0.0,0.0,0.0,0.0,25.90272012134718,14.318118247002532,0.0,0.0,0.0,0.0,9.449339685152024,0.0,0.0,0.0,0.0,31.55832780904492,0.0,0.0,0.0,0.0,0.0
70.0,9.89029959552326,0.0,0.0,15.109916763753958,29.99649038132843,34.04717222032681,0.0,0.0,0.0,0.0,0.0,0.0,25.887313154644986,15.61762950359658,0.0,0.0,0.0,0.0,6.281798717199278,0.0,0.0,0.0,0.0,33.36267547708413,0.0,0.0,0.0,0.0,0.0
71.0,11.728259430763327,0.0,0.0,18.09264990378674,30.83951219228618,34.84707726719715,0.0,0.0,0.0,0.0,0.0,0.0,25.13375331455912,14.54454955106126,0.0,0.0,0.0,0.0,0.0,0.0,0.0,0.0,0.0,34.449562185550725,0.0,0.0,0.0,0.0,0.0
72.0,15.700834128373229,0.0,0.0,19.82657233125984,30.237322852712968,36.02544707536479,0.0,0.0,0.0,0.0,0.0,0.0,22.212360678522604,10.258552501342598,1.8129788495807775,0.0,0.0,0.0,0.0,0.0,0.0,0.0,0.0,35.22469642416687,0.0,0.0,0.0,0.0,0.0
73.0,17.252308622395365,0.0,0.0,18.920429001269927,30.78918022151483,37.79979068071721,0.0,0.0,0.0,0.0,0.0,0.0,18.941403278908734,8.025493452454086,4.482424570643897,0.0,0.0,0.0,0.0,0.0,0.0,0.0,0.0,34.508155993592965,0.0,0.0,0.0,0.0,0.0
74.0,14.313090523374788,0.0,0.0,19.526495218391158,30.73342161012356,39.45360242299022,0.0,0.0,0.0,0.0,0.0,0.0,17.273876386701374,5.481973896280501,6.187417063368169,0.0,0.0,0.0,0.0,0.0,0.0,0.0,0.0,32.596716377479126,0.0,0.0,0.0,0.0,0.0
75.0,12.79100221374547,0.0,0.0,19.295440693223917,27.866528442072998,36.19690449404774,0.0,0.0,0.0,0.0,0.0,0.0,17.16654798990299,0.0,6.986348157827824,0.0,0.0,0.0,0.0,0.0,0.0,0.0,0.0,31.371582105253797,0.0,0.0,0.0,0.0,0.0
76.0,10.016063693830144,0.0,0.0,18.559844216108683,24.901007536984974,30.87474385561747,0.0,0.0,0.0,0.0,0.0,0.0,17.408556653248798,0.0,8.32843137524088,0.0,0.0,0.0,0.0,0.0,0.0,0.0,0.0,31.03672129291066,0.0,0.0,0.0,0.0,0.0
77.0,3.502248210477671,0.0,0.0,18.051446960788066,23.20348634319716,25.8302500905775,0.0,0.0,0.0,0.0,0.0,0.0,14.874509784957358,0.0,9.34311168280954,0.0,0.0,0.0,0.0,0.0,0.0,0.0,0.0,28.315023124533344,0.0,0.0,0.0,0.0,0.0
78.0,0.0,0.0,0.0,16.499879123103113,23.801985191895085,28.126815489472396,0.0,0.0,0.0,0.0,0.0,0.0,12.963166113970267,0.0,7.557969468001183,0.0,0.0,0.0,0.0,0.0,0.0,0.0,0.0,24.611374430218277,0.0,0.0,0.0,0.0,0.0
79.0,0.0,0.0,0.0,12.919223572438469,23.867364951611204,28.775034600573235,0.0,0.0,0.0,0.0,0.0,0.0,12.67222378745094,0.0,4.0886218334584115,0.0,0.0,0.0,0.0,0.0,0.0,0.0,0.0,23.034226124142315,0.0,0.0,0.0,0.0,0.0
80.0,0.0,0.0,0.7896579189120264,10.292310542373732,22.604632360321386,26.4788302836846,0.0,0.0,0.0,0.0,0.0,0.0,12.695444790225356,0.0,3.0284514024045777,0.0,0.0,0.0,0.0,0.9086183311348794,0.0,0.0,0.0,21.21642389515298,0.0,0.0,0.0,0.0,0.0
81.0,0.0,0.0,2.8132971814954266,10.083049886621293,22.021091152520317,22.766826568876525,0.0,0.0,0.0,0.0,0.0,0.0,13.552989015657703,0.0,3.2306693536204674,0.0,0.0,0.0,0.0,6.437399172379614,0.0,0.0,0.0,19.22851648817012,0.0,0.0,0.0,0.0,0.0
82.0,0.0,0.0,8.167531420508993,7.026996718287633,20.782420638948956,16.158469924638702,0.0,0.0,0.0,0.0,0.0,0.0,12.894783679272527,0.0,4.301905335847958,0.0,1.1098806346474297,0.0,0.0,13.655453029460848,0.0,0.0,0.0,17.106700118063827,0.0,0.0,0.0,0.0,0.0
83.0,0.0,0.0,14.033621585386054,2.612185509440403,19.410984839794697,11.44186923269035,0.0,0.0,0.0,0.0,0.0,0.0,11.920678064678324,0.0,4.852738226462375,0.0,5.6241010238776115,0.0,0.0,19.10987114053244,0.0,0.0,0.0,15.917671652005309,0.0,0.0,0.0,0.0,0.0
84.0,0.0,0.0,15.928839219282171,0.0,19.997910402361846,11.145210292281572,0.0,0.0,0.0,0.0,0.0,0.0,10.898559273806994,0.0,5.2238613685838065,0.0,8.137465850185876,0.0,0.0,22.85761171265935,0.0,0.0,0.0,14.969238735015463,0.0,0.0,0.0,0.0,0.0
85.0,0.0,0.0,16.29977949346436,0.0,20.64927187508396,14.40448835389963,0.0,0.0,0.0,0.0,0.0,0.0,10.025484419709679,0.0,5.096357208693573,0.0,9.147210520153722,0.0,0.0,25.612159556043444,0.0,0.0,0.0,14.811406312950899,0.0,0.0,0.0,0.0,0.0
86.0,0.0,0.0,17.94084572650376,0.0,20.971574196836407,15.910129507498516,0.0,0.0,0.0,0.0,0.0,0.0,10.268088357235316,0.0,5.089760575270837,0.0,9.259391366947296,0.0,0.0,30.208897688798544,0.0,0.0,0.0,15.695115796726576,0.0,0.0,0.0,0.0,0.0
87.0,0.0,0.0,20.07752731092425,0.0,20.450365276805602,16.05404731089779,0.0,0.0,0.0,0.0,0.0,0.0,11.834551793034874,0.0,5.420070026841556,0.0,10.14366485536961,0.0,0.0,35.979494450233666,0.7367941472045597,0.0,2.3794827400750354,16.669506235812502,0.0,0.0,0.0,0.0,0.0
88.0,0.0,0.0,20.933393380812717,0.0,20.58408196717124,14.628672184857066,0.0,0.0,0.0,0.0,0.0,0.0,13.446837797199025,0.0,5.413655258959716,0.0,12.887912468424316,0.0,0.0,40.222248333562895,5.609381800475135,0.0,8.549141172632961,18.462104785288897,0.0,0.0,0.0,0.0,1.1957989224392025
89.0,0.0,0.0,21.380728677750938,0.0,21.08030156726483,13.506099581224268,0.0,0.0,0.0,0.0,0.0,0.0,15.09776005513029,0.0,3.3009216483623796,0.0,13.322740692749276,0.0,0.0,39.81563678627703,9.58850179884516,0.0,12.644286575078269,19.61876455366083,0.0,0.0,0.25246198491817945,0.0,5.417267336052135
90.0,0.0,0.0,21.60664562587642,0.0,21.07500121387152,15.951769176451132,0.0,0.0,0.0,0.0,0.0,0.0,16.853152878191686,0.0,2.268044989765402,0.0,4.5353773584904395,0.0,0.0,38.13140238608217,11.996846163857393,0.0,15.603386936561257,19.73419177909471,0.0,0.0,3.3503272218464257,0.0,8.910428988208556
91.0,0.0,0.0,20.757309471048423,0.0,21.14468701124473,20.641335345509674,0.0,0.0,0.0,0.0,0.0,0.0,18.602820006941087,0.0,0.0,0.0,10.688413483038303,0.0,0.0,40.10914125845847,14.507076295214933,0.0,17.04397608924951,20.891207338802193,0.0,0.0,7.887626301182379,4.364606064909232,10.564532437651296
92.0,0.0,0.6843057219201102,21.099102160687966,0.0,21.90723448284052,21.854919704601873,0.0,0.0,0.0,0.0,0.0,0.0,19.926485132137017,0.0,0.0,0.0,14.055405061047207,0.0,0.0,39.1828721190376,16.388794634141664,0.0,18.027673002764054,24.91488007323537,0.0,0.0,9.333797450781109,7.578122765218701,12.829907105182478
93.0,0.0,6.850048418009316,22.315834498556328,0.0,23.552566146568175,18.60354019061378,0.0,0.0,0.0,0.0,0.0,0.0,22.031678059650528,0.0,0.0,0.0,13.57863328724254,0.0,0.0,37.88318358684106,18.15508362074554,0.0,18.571195190025485,27.249224583072802,0.0,0.0,10.239417690399202,7.792478129281066,15.04501132914041
94.0,0.0,11.790443381559767,22.950431263261276,0.0,25.8844060959488,18.035813144603996,0.0,0.0,0.0,0.0,0.0,0.0,23.890584698476655,0.0,0.0,0.0,11.7865654306862,0.0,0.0,36.14744003785382,19.48505666130561,0.0,18.80604467530956,28.26731898907541,0.0,0.0,11.609901315127608,7.358101658099769,17.824524310307673
95.0,0.0,15.442620883171251,20.6614799517218,0.0,25.56022747052049,20.289468008748134,0.0,0.0,0.0,1.7073254041755572,2.7450444842437953,0.1760241182400643,23.12882247532114,0.0,0.0,0.0,11.473208441133359,0.0,0.0,35.11544402537672,21.651590142141092,0.0,19.285520278433097,28.278123350938905,0.0,3.3506124657533376,13.896739848399367,6.1670379983221375,23.745781051143094
96.0,0.0,20.776038293636933,17.303199916396775,0.0,26.337184316848745,21.693653337400256,0.0,0.0,0.0,6.898075282215086,6.877378127104132,3.1358235549911,22.48951211446801,0.0,0.0,0.0,12.43022569516601,0.0,0.0,34.0455195953674,23.82130911322018,0.0,19.165414823530092,28.26523228332589,0.0,6.768401995789072,16.187164590455684,7.7562225473799264,27.784028415085885
97.0,0.0,24.10279599021448,17.052132215349864,0.0,25.64986829696831,24.232126079398245,0.0,0.0,0.0,10.940810202713887,8.887279086541586,9.03366489120145,23.60443696553573,0.0,0.0,0.0,13.586807243179848,0.0,0.0,33.85483964920813,24.280025936840385,0.0,19.380654203365037,28.439329303627627,0.0,8.57911120410164,17.184050711975793,11.613322352362372,29.655616407493685
98.0,0.0,28.920163191287475,16.442834127459655,0.0,27.70764995393703,24.992779371299257,0.0,0.0,0.0,13.907994842418118,13.762795614223938,10.62302286915486,23.226908121056844,0.0,0.0,0.0,14.850017574034446,0.0,0.0,32.85499391305537,25.077242421143467,0.0,18.503725168436898,31.1492408373955,0.0,13.274049735932422,17.99707276902275,14.174863755962607,29.82266005842791
99.0,0.0,33.072456409791215,14.547516807839965,0.0,29.17905627549524,25.298064477068355,0.0,0.0,0.0,15.909913419913343,17.83772086198022,13.650578810546286,21.931423554975126,0.0,0.0,0.0,12.55372986157784,0.0,0.0,31.643008190959986,24.53963409532469,0.0,14.42373301503655,34.81561947173155,0.0,17.744574633475292,18.226622523075118,15.963909491627309,28.200665504396298
100.0,0.0,37.772815473208034,12.548354229958505,0.0,29.015645847167658,24.286969203808212,0.0,0.0,0.0,16.309911224571888,19.975773099255267,17.452000018105878,21.17075782,0.0,0.0,0.0,12.194491350358875,0.0,0.0,31.034045553596396,20.656605431168032,0.0,10.661960126181043,36.27736058494477,0.0,18.772329712138852,19.97441340872029,17.24550639021993,25.611701160849066
